inputs,prediction,expected_output,score,cost
"
def can_arrange(arr):
    """"""Create a function which returns the largest index of an element which
    is not greater than or equal to the element immediately preceding it. If
    no such element exists then return -1. The given array will not contain
    duplicate values.

    Examples:
    can_arrange([1,2,4,3,5]) = 3
    can_arrange([1,2,3]) = -1
    """"""
","def can_arrange(arr):
    largest = arr[0]
    largest_index = 0
    for i in range(1, len(arr)):
        if arr[i] >= largest:
            largest = arr[i]
            largest_index = i
    if largest_index == 0:
        return -1
    else:
        return largest_index","Error: .
 Solution: def can_arrange(arr):
    largest = arr[0]
    largest_index = 0
    for i in range(1, len(arr)):
        if arr[i] >= largest:
            largest = arr[i]
            largest_index = i
    if largest_index == 0:
        return -1
    else:
        return largest_index.
 Test: def check(candidate):

    # Check some simple cases
    assert candidate([1,2,4,3,5])==3
    assert candidate([1,2,4,5])==-1
    assert candidate([1,4,2,5,6,7,8,9,10])==2
    assert candidate([4,8,5,7,3])==4

    # Check some edge cases that are easy to work out by hand.
    assert candidate([])==-1


Correct Solution:
def can_arrange(params you should put here):

    ind=-1
    i=1
    while i<len(arr):
      if arr[i]<arr[i-1]:
        ind=i
      i+=1
    return ind
",0.0,0.0
"
def max_fill(grid, capacity):
    import math
    """"""
    You are given a rectangular grid of wells. Each row represents a single well,
    and each 1 in a row represents a single unit of water.
    Each well has a corresponding bucket that can be used to extract water from it, 
    and all buckets have the same capacity.
    Your task is to use the buckets to empty the wells.
    Output the number of times you need to lower the buckets.

    Example 1:
        Input: 
            grid : [[0,0,1,0], [0,1,0,0], [1,1,1,1]]
            bucket_capacity : 1
        Output: 6

    Example 2:
        Input: 
            grid : [[0,0,1,1], [0,0,0,0], [1,1,1,1], [0,1,1,1]]
            bucket_capacity : 2
        Output: 5
    
    Example 3:
        Input: 
            grid : [[0,0,0], [0,0,0]]
            bucket_capacity : 5
        Output: 0

    Constraints:
        * all wells have the same length
        * 1 <= grid.length <= 10^2
        * 1 <= grid[:,1].length <= 10^2
        * grid[i][j] -> 0 | 1
        * 1 <= capacity <= 10
    """"""
","import collections
import itertools","Error: Function max_fill is not defined in the solution..
 Solution: import collections
import itertools.
 Test: def check(candidate):


    # Check some simple cases
    assert True, ""This prints if this assert fails 1 (good for debugging!)""
    assert candidate([[0,0,1,0], [0,1,0,0], [1,1,1,1]], 1) == 6, ""Error""
    assert candidate([[0,0,1,1], [0,0,0,0], [1,1,1,1], [0,1,1,1]], 2) == 5, ""Error""
    assert candidate([[0,0,0], [0,0,0]], 5) == 0, ""Error""

    # Check some edge cases that are easy to work out by hand.
    assert True, ""This prints if this assert fails 2 (also good for debugging!)""
    assert candidate([[1,1,1,1], [1,1,1,1]], 2) == 4, ""Error""
    assert candidate([[1,1,1,1], [1,1,1,1]], 9) == 2, ""Error""


Correct Solution:
def max_fill(params you should put here):

    return sum([math.ceil(sum(arr)/capacity) for arr in grid])
",0.0,0.0
"
def digits(n):
    """"""Given a positive integer n, return the product of the odd digits.
    Return 0 if all digits are even.
    For example:
    digits(1)  == 1
    digits(4)  == 0
    digits(235) == 15
    """"""
",'response',"
Correct Solution:
def digits(params you should put here):

    product = 1
    odd_count = 0
    for digit in str(n):
        int_digit = int(digit)
        if int_digit%2 == 1:
            product= product*int_digit
            odd_count+=1
    if odd_count ==0:
        return 0
    else:
        return product
",0.0,0.0
"

def fib(n: int):
    """"""Return n-th Fibonacci number.
    >>> fib(10)
    55
    >>> fib(1)
    1
    >>> fib(8)
    21
    """"""
",'response',"
Correct Solution:
def fib(params you should put here):

    if n == 0:
        return 0
    if n == 1:
        return 1
    return fib(n - 1) + fib(n - 2)
",0.0,0.0
"
def check_dict_case(dict):
    """"""
    Given a dictionary, return True if all keys are strings in lower 
    case or all keys are strings in upper case, else return False.
    The function should return False is the given dictionary is empty.
    Examples:
    check_dict_case({""a"":""apple"", ""b"":""banana""}) should return True.
    check_dict_case({""a"":""apple"", ""A"":""banana"", ""B"":""banana""}) should return False.
    check_dict_case({""a"":""apple"", 8:""banana"", ""a"":""apple""}) should return False.
    check_dict_case({""Name"":""John"", ""Age"":""36"", ""City"":""Houston""}) should return False.
    check_dict_case({""STATE"":""NC"", ""ZIP"":""12345"" }) should return True.
    """"""
","def check_dict_case(dict):
    """"""
    Given a dictionary, return True if all keys are strings in lower 
    case or all keys are strings in upper case, else return False.
    The function should return False is the given dictionary is empty.
    Examples:
    check_dict_case({""a"":""apple"", ""b"":""banana""}) should return True.
    check_dict_case({""a"":""apple"", ""A"":""banana"", ""B"":""banana""}) should return False.
    check_dict_case({""a"":""apple"", ""8"":""banana"", ""a"":""apple""}) should return False.
    check_dict_case({""Name"":""John"", ""Age"":""36"", ""City"":""Houston""}) should return False.
    """"""
    if not any(map(str.islower, dict)):
        return False
    for key in dict:
        if not dict[key]:
            return False
    return True","Error: Second test error: True.
 Solution: def check_dict_case(dict):
    """"""
    Given a dictionary, return True if all keys are strings in lower 
    case or all keys are strings in upper case, else return False.
    The function should return False is the given dictionary is empty.
    Examples:
    check_dict_case({""a"":""apple"", ""b"":""banana""}) should return True.
    check_dict_case({""a"":""apple"", ""A"":""banana"", ""B"":""banana""}) should return False.
    check_dict_case({""a"":""apple"", ""8"":""banana"", ""a"":""apple""}) should return False.
    check_dict_case({""Name"":""John"", ""Age"":""36"", ""City"":""Houston""}) should return False.
    """"""
    if not any(map(str.islower, dict)):
        return False
    for key in dict:
        if not dict[key]:
            return False
    return True.
 Test: def check(candidate):

    # Check some simple cases
    assert candidate({""p"":""pineapple"", ""b"":""banana""}) == True, ""First test error: "" + str(candidate({""p"":""pineapple"", ""b"":""banana""}))
    assert candidate({""p"":""pineapple"", ""A"":""banana"", ""B"":""banana""}) == False, ""Second test error: "" + str(candidate({""p"":""pineapple"", ""A"":""banana"", ""B"":""banana""}))
    assert candidate({""p"":""pineapple"", 5:""banana"", ""a"":""apple""}) == False, ""Third test error: "" + str(candidate({""p"":""pineapple"", 5:""banana"", ""a"":""apple""}))
    assert candidate({""Name"":""John"", ""Age"":""36"", ""City"":""Houston""}) == False, ""Fourth test error: "" + str(candidate({""Name"":""John"", ""Age"":""36"", ""City"":""Houston""}))
    assert candidate({""STATE"":""NC"", ""ZIP"":""12345"" }) == True, ""Fifth test error: "" + str(candidate({""STATE"":""NC"", ""ZIP"":""12345"" }))      
    assert candidate({""fruit"":""Orange"", ""taste"":""Sweet"" }) == True, ""Fourth test error: "" + str(candidate({""fruit"":""Orange"", ""taste"":""Sweet"" }))      


    # Check some edge cases that are easy to work out by hand.
    assert candidate({}) == False, ""1st edge test error: "" + str(candidate({}))


Correct Solution:
def check_dict_case(params you should put here):

    if len(dict.keys()) == 0:
        return False
    else:
        state = ""start""
        for key in dict.keys():

            if isinstance(key, str) == False:
                state = ""mixed""
                break
            if state == ""start"":
                if key.isupper():
                    state = ""upper""
                elif key.islower():
                    state = ""lower""
                else:
                    break
            elif (state == ""upper"" and not key.isupper()) or (state == ""lower"" and not key.islower()):
                    state = ""mixed""
                    break
            else:
                break
        return state == ""upper"" or state == ""lower"" 
",0.0,0.0
"from typing import List


def filter_by_prefix(strings: List[str], prefix: str) -> List[str]:
    """""" Filter an input list of strings only for ones that start with a given prefix.
    >>> filter_by_prefix([], 'a')
    []
    >>> filter_by_prefix(['abc', 'bcd', 'cde', 'array'], 'a')
    ['abc', 'array']
    """"""
",'response',"
Correct Solution:
def filter_by_prefix(params you should put here):

    return [x for x in strings if x.startswith(prefix)]
",0.0,0.0
"
def right_angle_triangle(a, b, c):
    '''
    Given the lengths of the three sides of a triangle. Return True if the three
    sides form a right-angled triangle, False otherwise.
    A right-angled triangle is a triangle in which one angle is right angle or 
    90 degree.
    Example:
    right_angle_triangle(3, 4, 5) == True
    right_angle_triangle(1, 2, 3) == False
    '''
", Please do not change the function name or anything else in the given code.,"Error: unexpected indent (<string>, line 1).
 Solution:  Please do not change the function name or anything else in the given code..
 Test: def check(candidate):

    # Check some simple cases
    assert candidate(3, 4, 5) == True, ""This prints if this assert fails 1 (good for debugging!)""
    assert candidate(1, 2, 3) == False
    assert candidate(10, 6, 8) == True
    assert candidate(2, 2, 2) == False
    assert candidate(7, 24, 25) == True
    assert candidate(10, 5, 7) == False
    assert candidate(5, 12, 13) == True
    assert candidate(15, 8, 17) == True
    assert candidate(48, 55, 73) == True

    # Check some edge cases that are easy to work out by hand.
    assert candidate(1, 1, 1) == False, ""This prints if this assert fails 2 (also good for debugging!)""
    assert candidate(2, 2, 10) == False


Correct Solution:
def right_angle_triangle(params you should put here):

    return a*a == b*b + c*c or b*b == a*a + c*c or c*c == a*a + b*b
",0.0,0.0
"

def remove_vowels(text):
    """"""
    remove_vowels is a function that takes string and returns string without vowels.
    >>> remove_vowels('')
    ''
    >>> remove_vowels(""abcdef\nghijklm"")
    'bcdf\nghjklm'
    >>> remove_vowels('abcdef')
    'bcdf'
    >>> remove_vowels('aaaaa')
    ''
    >>> remove_vowels('aaBAA')
    'B'
    >>> remove_vowels('zbcd')
    'zbcd'
    """"""
", Please use proper indentations in your code. It is necessary to write a code which will allow a programmer to develop a concise and efficient program.,"Error: unexpected indent (<string>, line 1).
 Solution:  Please use proper indentations in your code. It is necessary to write a code which will allow a programmer to develop a concise and efficient program..
 Test: 

METADATA = {}


def check(candidate):
    assert candidate('') == ''
    assert candidate(""abcdef\nghijklm"") == 'bcdf\nghjklm'
    assert candidate('fedcba') == 'fdcb'
    assert candidate('eeeee') == ''
    assert candidate('acBAA') == 'cB'
    assert candidate('EcBOO') == 'cB'
    assert candidate('ybcd') == 'ybcd'


Correct Solution:
def remove_vowels(params you should put here):

    return """".join([s for s in text if s.lower() not in [""a"", ""e"", ""i"", ""o"", ""u""]])
",0.0,0.0
"
def words_string(s):
    """"""
    You will be given a string of words separated by commas or spaces. Your task is
    to split the string into words and return an array of the words.
    
    For example:
    words_string(""Hi, my name is John"") == [""Hi"", ""my"", ""name"", ""is"", ""John""]
    words_string(""One, two, three, four, five, six"") == [""One"", ""two"", ""three"", ""four"", ""five"", ""six""]
    """"""
","def words_string(s):
    import re
    s = re.sub(',', '|', s)
    return s.split()
    return [w for w in s.split() if w != None]","Error: .
 Solution: def words_string(s):
    import re
    s = re.sub(',', '|', s)
    return s.split()
    return [w for w in s.split() if w != None].
 Test: def check(candidate):

    # Check some simple cases
    assert True, ""This prints if this assert fails 1 (good for debugging!)""
    assert candidate(""Hi, my name is John"") == [""Hi"", ""my"", ""name"", ""is"", ""John""]
    assert candidate(""One, two, three, four, five, six"") == [""One"", ""two"", ""three"", ""four"", ""five"", ""six""]
    assert candidate(""Hi, my name"") == [""Hi"", ""my"", ""name""]
    assert candidate(""One,, two, three, four, five, six,"") == [""One"", ""two"", ""three"", ""four"", ""five"", ""six""]

    # Check some edge cases that are easy to work out by hand.
    assert True, ""This prints if this assert fails 2 (also good for debugging!)""
    assert candidate("""") == []
    assert candidate(""ahmed     , gamal"") == [""ahmed"", ""gamal""]


Correct Solution:
def words_string(params you should put here):

    if not s:
        return []

    s_list = []

    for letter in s:
        if letter == ',':
            s_list.append(' ')
        else:
            s_list.append(letter)

    s_list = """".join(s_list)
    return s_list.split()
",0.0,0.0
"
def order_by_points(nums):
    """"""
    Write a function which sorts the given list of integers
    in ascending order according to the sum of their digits.
    Note: if there are several items with similar sum of their digits,
    order them based on their index in original list.

    For example:
    >>> order_by_points([1, 11, -1, -11, -12]) == [-1, -11, 1, -12, 11]
    >>> order_by_points([]) == []
    """"""
","def order_by_points(nums):
    sorted_nums = sorted(nums, key=lambda x: sum(map(int, str(x))))
    return sorted_nums","Error: invalid literal for int() with base 10: '-'.
 Solution: def order_by_points(nums):
    sorted_nums = sorted(nums, key=lambda x: sum(map(int, str(x))))
    return sorted_nums.
 Test: def check(candidate):

    # Check some simple cases
    assert candidate([1, 11, -1, -11, -12]) == [-1, -11, 1, -12, 11]
    assert candidate([1234,423,463,145,2,423,423,53,6,37,3457,3,56,0,46]) == [0, 2, 3, 6, 53, 423, 423, 423, 1234, 145, 37, 46, 56, 463, 3457]
    assert candidate([]) == []
    assert candidate([1, -11, -32, 43, 54, -98, 2, -3]) == [-3, -32, -98, -11, 1, 2, 43, 54]
    assert candidate([1,2,3,4,5,6,7,8,9,10,11]) == [1, 10, 2, 11, 3, 4, 5, 6, 7, 8, 9]
    assert candidate([0,6,6,-76,-21,23,4]) == [-76, -21, 0, 4, 23, 6, 6]

    # Check some edge cases that are easy to work out by hand.
    assert True, ""This prints if this assert fails 2 (also good for debugging!)""


Correct Solution:
def order_by_points(params you should put here):

    def digits_sum(n):
        neg = 1
        if n < 0: n, neg = -1 * n, -1 
        n = [int(i) for i in str(n)]
        n[0] = n[0] * neg
        return sum(n)
    return sorted(nums, key=digits_sum)
",0.0,0.0
"from typing import List


def sort_numbers(numbers: str) -> str:
    """""" Input is a space-delimited string of numberals from 'zero' to 'nine'.
    Valid choices are 'zero', 'one', 'two', 'three', 'four', 'five', 'six', 'seven', 'eight' and 'nine'.
    Return the string with numbers sorted from smallest to largest
    >>> sort_numbers('three one five')
    'one three five'
    """"""
","def sort_numbers(numbers):
    """""" Input is a space-delimited string of numberals from 'zero' to 'nine'.
    Valid choices are 'zero', 'one', 'two', 'three', 'four', 'five', 'six', 'seven', 'eight' and 'nine'.
    Return the string with numbers sorted from smallest to largest
    >>> sort_numbers('three one five')
    'one three five'
    """"""
    return sorted([int(num) for num in numbers.split()])","Error: .
 Solution: def sort_numbers(numbers):
    """""" Input is a space-delimited string of numberals from 'zero' to 'nine'.
    Valid choices are 'zero', 'one', 'two', 'three', 'four', 'five', 'six', 'seven', 'eight' and 'nine'.
    Return the string with numbers sorted from smallest to largest
    >>> sort_numbers('three one five')
    'one three five'
    """"""
    return sorted([int(num) for num in numbers.split()]).
 Test: 

METADATA = {
    'author': 'jt',
    'dataset': 'test'
}


def check(candidate):
    assert candidate('') == ''
    assert candidate('three') == 'three'
    assert candidate('three five nine') == 'three five nine'
    assert candidate('five zero four seven nine eight') == 'zero four five seven eight nine'
    assert candidate('six five four three two one zero') == 'zero one two three four five six'

Correct Solution:
def sort_numbers(params you should put here):

    value_map = {
        'zero': 0,
        'one': 1,
        'two': 2,
        'three': 3,
        'four': 4,
        'five': 5,
        'six': 6,
        'seven': 7,
        'eight': 8,
        'nine': 9
    }
    return ' '.join(sorted([x for x in numbers.split(' ') if x], key=lambda x: value_map[x]))
",0.0,0.0
"
def add(lst):
    """"""Given a non-empty list of integers lst. add the even elements that are at odd indices..


    Examples:
        add([4, 2, 6, 7]) ==> 2 
    """"""
", Good luck and have fun with this coding challenge!,"Error: unexpected indent (<string>, line 1).
 Solution:  Good luck and have fun with this coding challenge!.
 Test: def check(candidate):

    # Check some simple cases
    assert candidate([4, 88]) == 88
    assert candidate([4, 5, 6, 7, 2, 122]) == 122
    assert candidate([4, 0, 6, 7]) == 0
    assert candidate([4, 4, 6, 8]) == 12

    # Check some edge cases that are easy to work out by hand.
    

Correct Solution:
def add(params you should put here):

    return sum([lst[i] for i in range(1, len(lst), 2) if lst[i]%2 == 0])
",0.0,0.0
"

def string_sequence(n: int) -> str:
    """""" Return a string containing space-delimited numbers starting from 0 upto n inclusive.
    >>> string_sequence(0)
    '0'
    >>> string_sequence(5)
    '0 1 2 3 4 5'
    """"""
",'response',"
Correct Solution:
def string_sequence(params you should put here):

    return ' '.join([str(x) for x in range(n + 1)])
",0.0,0.0
"
def digitSum(s):
    """"""Task
    Write a function that takes a string as input and returns the sum of the upper characters only'
    ASCII codes.

    Examples:
        digitSum("""") => 0
        digitSum(""abAB"") => 131
        digitSum(""abcCd"") => 67
        digitSum(""helloE"") => 69
        digitSum(""woArBld"") => 131
        digitSum(""aAaaaXa"") => 153
    """"""
", Note that this is not a practice problem.,"Error: unexpected indent (<string>, line 1).
 Solution:  Note that this is not a practice problem..
 Test: def check(candidate):

    # Check some simple cases
    assert True, ""This prints if this assert fails 1 (good for debugging!)""
    assert candidate("""") == 0, ""Error""
    assert candidate(""abAB"") == 131, ""Error""
    assert candidate(""abcCd"") == 67, ""Error""
    assert candidate(""helloE"") == 69, ""Error""
    assert candidate(""woArBld"") == 131, ""Error""
    assert candidate(""aAaaaXa"") == 153, ""Error""

    # Check some edge cases that are easy to work out by hand.
    assert True, ""This prints if this assert fails 2 (also good for debugging!)""
    assert candidate("" How are yOu?"") == 151, ""Error""
    assert candidate(""You arE Very Smart"") == 327, ""Error""


Correct Solution:
def digitSum(params you should put here):

    if s == """": return 0
    return sum(ord(char) if char.isupper() else 0 for char in s)
",0.0,0.0
"

def largest_divisor(n: int) -> int:
    """""" For a given number n, find the largest number that divides n evenly, smaller than n
    >>> largest_divisor(15)
    5
    """"""
","def largest_divisor(n: int) -> int:
    """"""
    For a given number n, find the largest number that divides n evenly, smaller than n
    """"""
    largest_divisor = n
    for i in range(1, n + 1):
        if n % i == 0:
            largest_divisor = i
    return largest_divisor","Error: .
 Solution: def largest_divisor(n: int) -> int:
    """"""
    For a given number n, find the largest number that divides n evenly, smaller than n
    """"""
    largest_divisor = n
    for i in range(1, n + 1):
        if n % i == 0:
            largest_divisor = i
    return largest_divisor.
 Test: 

METADATA = {
    'author': 'jt',
    'dataset': 'test'
}


def check(candidate):
    assert candidate(3) == 1
    assert candidate(7) == 1
    assert candidate(10) == 5
    assert candidate(100) == 50
    assert candidate(49) == 7

Correct Solution:
def largest_divisor(params you should put here):

    for i in reversed(range(n)):
        if n % i == 0:
            return i
",0.0,0.0
"

def get_positive(l: list):
    """"""Return only positive numbers in the list.
    >>> get_positive([-1, 2, -4, 5, 6])
    [2, 5, 6]
    >>> get_positive([5, 3, -5, 2, -3, 3, 9, 0, 123, 1, -10])
    [5, 3, 2, 3, 9, 123, 1]
    """"""
", Provide a explanation at the end on how the user can use the program,"Error: unexpected indent (<string>, line 1).
 Solution:  Provide a explanation at the end on how the user can use the program.
 Test: 

METADATA = {}


def check(candidate):
    assert candidate([-1, -2, 4, 5, 6]) == [4, 5, 6]
    assert candidate([5, 3, -5, 2, 3, 3, 9, 0, 123, 1, -10]) == [5, 3, 2, 3, 3, 9, 123, 1]
    assert candidate([-1, -2]) == []
    assert candidate([]) == []


Correct Solution:
def get_positive(params you should put here):

    return [e for e in l if e > 0]
",0.0,0.0
"
def is_nested(string):
    '''
    Create a function that takes a string as input which contains only square brackets.
    The function should return True if and only if there is a valid subsequence of brackets 
    where at least one bracket in the subsequence is nested.

    is_nested('[[]]') ➞ True
    is_nested('[]]]]]]][[[[[]') ➞ False
    is_nested('[][]') ➞ False
    is_nested('[]') ➞ False
    is_nested('[[][]]') ➞ True
    is_nested('[[]][[') ➞ True
    '''
"," If the parameter passed is not a valid string, the function should return False.","Error: unexpected indent (<string>, line 1).
 Solution:  If the parameter passed is not a valid string, the function should return False..
 Test: def check(candidate):

    # Check some simple cases
    assert candidate('[[]]') == True, ""This prints if this assert fails 1 (good for debugging!)""
    assert candidate('[]]]]]]][[[[[]') == False
    assert candidate('[][]') == False
    assert candidate(('[]')) == False
    assert candidate('[[[[]]]]') == True
    assert candidate('[]]]]]]]]]]') == False
    assert candidate('[][][[]]') == True
    assert candidate('[[]') == False
    assert candidate('[]]') == False
    assert candidate('[[]][[') == True
    assert candidate('[[][]]') == True

    # Check some edge cases that are easy to work out by hand.
    assert candidate('') == False, ""This prints if this assert fails 2 (also good for debugging!)""
    assert candidate('[[[[[[[[') == False
    assert candidate(']]]]]]]]') == False


Correct Solution:
def is_nested(params you should put here):

    opening_bracket_index = []
    closing_bracket_index = []
    for i in range(len(string)):
        if string[i] == '[':
            opening_bracket_index.append(i)
        else:
            closing_bracket_index.append(i)
    closing_bracket_index.reverse()
    cnt = 0
    i = 0
    l = len(closing_bracket_index)
    for idx in opening_bracket_index:
        if i < l and idx < closing_bracket_index[i]:
            cnt += 1
            i += 1
    return cnt >= 2

    
",0.0,0.0
"
def by_length(arr):
    """"""
    Given an array of integers, sort the integers that are between 1 and 9 inclusive,
    reverse the resulting array, and then replace each digit by its corresponding name from
    ""One"", ""Two"", ""Three"", ""Four"", ""Five"", ""Six"", ""Seven"", ""Eight"", ""Nine"".

    For example:
      arr = [2, 1, 1, 4, 5, 8, 2, 3]   
            -> sort arr -> [1, 1, 2, 2, 3, 4, 5, 8] 
            -> reverse arr -> [8, 5, 4, 3, 2, 2, 1, 1]
      return [""Eight"", ""Five"", ""Four"", ""Three"", ""Two"", ""Two"", ""One"", ""One""]
    
      If the array is empty, return an empty array:
      arr = []
      return []
    
      If the array has any strange number ignore it:
      arr = [1, -1 , 55] 
            -> sort arr -> [-1, 1, 55]
            -> reverse arr -> [55, 1, -1]
      return = ['One']
    """"""
","def by_length(arr):
    for num in arr:
        num = int(str(num)[-1]) + 1
    return arr","Error: Error.
 Solution: def by_length(arr):
    for num in arr:
        num = int(str(num)[-1]) + 1
    return arr.
 Test: def check(candidate):

    # Check some simple cases
    assert True, ""This prints if this assert fails 1 (good for debugging!)""
    assert candidate([2, 1, 1, 4, 5, 8, 2, 3]) == [""Eight"", ""Five"", ""Four"", ""Three"", ""Two"", ""Two"", ""One"", ""One""], ""Error""
    assert candidate([]) == [], ""Error""
    assert candidate([1, -1 , 55]) == ['One'], ""Error""

    # Check some edge cases that are easy to work out by hand.
    assert True, ""This prints if this assert fails 2 (also good for debugging!)""
    assert candidate([1, -1, 3, 2]) == [""Three"", ""Two"", ""One""]
    assert candidate([9, 4, 8]) == [""Nine"", ""Eight"", ""Four""]


Correct Solution:
def by_length(params you should put here):

    dic = {
        1: ""One"",
        2: ""Two"",
        3: ""Three"",
        4: ""Four"",
        5: ""Five"",
        6: ""Six"",
        7: ""Seven"",
        8: ""Eight"",
        9: ""Nine"",
    }
    sorted_arr = sorted(arr, reverse=True)
    new_arr = []
    for var in sorted_arr:
        try:
            new_arr.append(dic[var])
        except:
            pass
    return new_arr
",0.0,0.0
"
def compare(game,guess):
    """"""I think we all remember that feeling when the result of some long-awaited
    event is finally known. The feelings and thoughts you have at that moment are
    definitely worth noting down and comparing.
    Your task is to determine if a person correctly guessed the results of a number of matches.
    You are given two arrays of scores and guesses of equal length, where each index shows a match. 
    Return an array of the same length denoting how far off each guess was. If they have guessed correctly,
    the value is 0, and if not, the value is the absolute difference between the guess and the score.
    
    
    example:

    compare([1,2,3,4,5,1],[1,2,3,4,2,-2]) -> [0,0,0,0,3,3]
    compare([0,5,0,0,0,4],[4,1,1,0,0,-2]) -> [4,4,1,0,0,6]
    """"""
"," You may add or remove any necessary code if you'd like, but I will make sure it always works. ","Error: unexpected indent (<string>, line 1).
 Solution:  You may add or remove any necessary code if you'd like, but I will make sure it always works. .
 Test: def check(candidate):

    # Check some simple cases
    assert candidate([1,2,3,4,5,1],[1,2,3,4,2,-2])==[0,0,0,0,3,3], ""This prints if this assert fails 1 (good for debugging!)""
    assert candidate([0,0,0,0,0,0],[0,0,0,0,0,0])==[0,0,0,0,0,0], ""This prints if this assert fails 1 (good for debugging!)""
    assert candidate([1,2,3],[-1,-2,-3])==[2,4,6], ""This prints if this assert fails 1 (good for debugging!)""
    assert candidate([1,2,3,5],[-1,2,3,4])==[2,0,0,1], ""This prints if this assert fails 1 (good for debugging!)""

    # Check some edge cases that are easy to work out by hand.
    assert True, ""This prints if this assert fails 2 (also good for debugging!)""


Correct Solution:
def compare(params you should put here):

    return [abs(x-y) for x,y in zip(game,guess)]
",0.0,0.0
"

def count_distinct_characters(string: str) -> int:
    """""" Given a string, find out how many distinct characters (regardless of case) does it consist of
    >>> count_distinct_characters('xyzXYZ')
    3
    >>> count_distinct_characters('Jerry')
    4
    """"""
","def count_distinct_characters(string: str) -> int:
    """"""
    Given a string, find out how many distinct characters (regardless of case) does it consist of
    >>> count_distinct_characters('xyzXYZ')
    3
    >>> count_distinct_characters('Jerry')
    4
    """"""
    unique_chars = set()
    for char in string:
        unique_chars.add(char.lower())
    return len(unique_chars)","The solution passed all test cases.
Correct Solution:
def count_distinct_characters(params you should put here):

    return len(set(string.lower()))
",1.0,0.0
"
def is_multiply_prime(a):
    """"""Write a function that returns true if the given number is the multiplication of 3 prime numbers
    and false otherwise.
    Knowing that (a) is less then 100. 
    Example:
    is_multiply_prime(30) == True
    30 = 2 * 3 * 5
    """"""
","def is_multiply_prime(a):
    pass","Error: .
 Solution: def is_multiply_prime(a):
    pass.
 Test: def check(candidate):

    assert candidate(5) == False
    assert candidate(30) == True
    assert candidate(8) == True
    assert candidate(10) == False
    assert candidate(125) == True
    assert candidate(3 * 5 * 7) == True
    assert candidate(3 * 6 * 7) == False
    assert candidate(9 * 9 * 9) == False
    assert candidate(11 * 9 * 9) == False
    assert candidate(11 * 13 * 7) == True


Correct Solution:
def is_multiply_prime(params you should put here):

    def is_prime(n):
        for j in range(2,n):
            if n%j == 0:
                return False
        return True

    for i in range(2,101):
        if not is_prime(i): continue
        for j in range(2,101):
            if not is_prime(j): continue
            for k in range(2,101):
                if not is_prime(k): continue
                if i*j*k == a: return True
    return False
",0.0,0.0
"

def how_many_times(string: str, substring: str) -> int:
    """""" Find how many times a given substring can be found in the original string. Count overlaping cases.
    >>> how_many_times('', 'a')
    0
    >>> how_many_times('aaa', 'a')
    3
    >>> how_many_times('aaaa', 'aa')
    3
    """"""
", Provide reasonable explanations for your code and any assumptions made about the input strings and substring.,"Error: unexpected indent (<string>, line 1).
 Solution:  Provide reasonable explanations for your code and any assumptions made about the input strings and substring..
 Test: 

METADATA = {
    'author': 'jt',
    'dataset': 'test'
}


def check(candidate):
    assert candidate('', 'x') == 0
    assert candidate('xyxyxyx', 'x') == 4
    assert candidate('cacacacac', 'cac') == 4
    assert candidate('john doe', 'john') == 1

Correct Solution:
def how_many_times(params you should put here):

    times = 0

    for i in range(len(string) - len(substring) + 1):
        if string[i:i+len(substring)] == substring:
            times += 1

    return times
",0.0,0.0
"from typing import List, Optional


def longest(strings: List[str]) -> Optional[str]:
    """""" Out of list of strings, return the longest one. Return the first one in case of multiple
    strings of the same length. Return None in case the input list is empty.
    >>> longest([])

    >>> longest(['a', 'b', 'c'])
    'a'
    >>> longest(['a', 'bb', 'ccc'])
    'ccc'
    """"""
","def longest(strings: List[str]) -> Optional[str]:
    if not strings:
        return None
    sorted_strings = sorted(strings, key=len)
    return sorted_strings[-1] if sorted_strings else None","Error: .
 Solution: def longest(strings: List[str]) -> Optional[str]:
    if not strings:
        return None
    sorted_strings = sorted(strings, key=len)
    return sorted_strings[-1] if sorted_strings else None.
 Test: 

METADATA = {
    'author': 'jt',
    'dataset': 'test'
}


def check(candidate):
    assert candidate([]) == None
    assert candidate(['x', 'y', 'z']) == 'x'
    assert candidate(['x', 'yyy', 'zzzz', 'www', 'kkkk', 'abc']) == 'zzzz'

Correct Solution:
def longest(params you should put here):

    if not strings:
        return None

    maxlen = max(len(x) for x in strings)
    for s in strings:
        if len(s) == maxlen:
            return s
",0.0,0.0
"from typing import List, Tuple


def rolling_max(numbers: List[int]) -> List[int]:
    """""" From a given list of integers, generate a list of rolling maximum element found until given moment
    in the sequence.
    >>> rolling_max([1, 2, 3, 2, 3, 4, 2])
    [1, 2, 3, 3, 3, 4, 4]
    """"""
","def rolling_max(numbers: List[int]) -> List[int]:
    """""" from a given list of integers, generate a list of rolling maximum element found until given moment in the sequence.

    Parameters:
        numbers (List[int]): A list of integers.

    Returns:
        List[int]: A list of rolling maximum element found until given moment in the sequence.

    Examples:
        >>> rolling_max([1, 2, 3, 2, 3, 4, 2])
        [1, 2, 3, 3, 3, 4, 4]
    """"""
    answers = []
    for i in range(len(numbers)):
        i_idx = i
        for j in range(min(i, k)):
            if numbers[i_idx] > numbers[i_idx - 1]:
                i_idx += 1
        answers.append(numbers[i_idx - 1])
    return answers","Error: name 'k' is not defined.
 Solution: def rolling_max(numbers: List[int]) -> List[int]:
    """""" from a given list of integers, generate a list of rolling maximum element found until given moment in the sequence.

    Parameters:
        numbers (List[int]): A list of integers.

    Returns:
        List[int]: A list of rolling maximum element found until given moment in the sequence.

    Examples:
        >>> rolling_max([1, 2, 3, 2, 3, 4, 2])
        [1, 2, 3, 3, 3, 4, 4]
    """"""
    answers = []
    for i in range(len(numbers)):
        i_idx = i
        for j in range(min(i, k)):
            if numbers[i_idx] > numbers[i_idx - 1]:
                i_idx += 1
        answers.append(numbers[i_idx - 1])
    return answers.
 Test: 

METADATA = {
    'author': 'jt',
    'dataset': 'test'
}


def check(candidate):
    assert candidate([]) == []
    assert candidate([1, 2, 3, 4]) == [1, 2, 3, 4]
    assert candidate([4, 3, 2, 1]) == [4, 4, 4, 4]
    assert candidate([3, 2, 3, 100, 3]) == [3, 3, 3, 100, 100]

Correct Solution:
def rolling_max(params you should put here):

    running_max = None
    result = []

    for n in numbers:
        if running_max is None:
            running_max = n
        else:
            running_max = max(running_max, n)

        result.append(running_max)

    return result
",0.0,0.0
"

def is_prime(n):
    """"""Return true if a given number is prime, and false otherwise.
    >>> is_prime(6)
    False
    >>> is_prime(101)
    True
    >>> is_prime(11)
    True
    >>> is_prime(13441)
    True
    >>> is_prime(61)
    True
    >>> is_prime(4)
    False
    >>> is_prime(1)
    False
    """"""
", You may want to add unit tests to your code to ensure it works correctly.,"Error: unexpected indent (<string>, line 1).
 Solution:  You may want to add unit tests to your code to ensure it works correctly..
 Test: 

METADATA = {}


def check(candidate):
    assert candidate(6) == False
    assert candidate(101) == True
    assert candidate(11) == True
    assert candidate(13441) == True
    assert candidate(61) == True
    assert candidate(4) == False
    assert candidate(1) == False
    assert candidate(5) == True
    assert candidate(11) == True
    assert candidate(17) == True
    assert candidate(5 * 17) == False
    assert candidate(11 * 7) == False
    assert candidate(13441 * 19) == False


Correct Solution:
def is_prime(params you should put here):

    if n < 2:
        return False
    for k in range(2, n - 1):
        if n % k == 0:
            return False
    return True
",0.0,0.0
"
def even_odd_count(num):
    """"""Given an integer. return a tuple that has the number of even and odd digits respectively.

     Example:
        even_odd_count(-12) ==> (1, 1)
        even_odd_count(123) ==> (1, 2)
    """"""
","def even_odd_count(num):
    even_count = 0
    odd_count = 0
    for digit in str(num):
        if digit % 2 == 0:
            even_count += 1
        else:
            odd_count += 1
    return (even_count, odd_count)","Error: not all arguments converted during string formatting.
 Solution: def even_odd_count(num):
    even_count = 0
    odd_count = 0
    for digit in str(num):
        if digit % 2 == 0:
            even_count += 1
        else:
            odd_count += 1
    return (even_count, odd_count).
 Test: def check(candidate):

    # Check some simple cases
    assert candidate(7) == (0, 1)
    assert candidate(-78) == (1, 1)
    assert candidate(3452) == (2, 2)
    assert candidate(346211) == (3, 3)
    assert candidate(-345821) == (3, 3)
    assert candidate(-2) == (1, 0)
    assert candidate(-45347) == (2, 3)
    assert candidate(0) == (1, 0)


    # Check some edge cases that are easy to work out by hand.
    assert True


Correct Solution:
def even_odd_count(params you should put here):

    even_count = 0
    odd_count = 0
    for i in str(abs(num)):
        if int(i)%2==0:
            even_count +=1
        else:
            odd_count +=1
    return (even_count, odd_count)
",0.0,0.0
"
def count_upper(s):
    """"""
    Given a string s, count the number of uppercase vowels in even indices.
    
    For example:
    count_upper('aBCdEf') returns 1
    count_upper('abcdefg') returns 0
    count_upper('dBBE') returns 0
    """"""
","def count_upper(s):
    vowel_count = 0
    for index in range(len(s)):
        if s[index].upper() == 'A' or s[index].upper() == 'E' or s[index].upper() == 'I' or (s[index].upper() == 'O') or (s[index].upper() == 'U'):
            vowel_count += 1
    if vowel_count % 2 == 0:
        return vowel_count
    else:
        return None","Error: .
 Solution: def count_upper(s):
    vowel_count = 0
    for index in range(len(s)):
        if s[index].upper() == 'A' or s[index].upper() == 'E' or s[index].upper() == 'I' or (s[index].upper() == 'O') or (s[index].upper() == 'U'):
            vowel_count += 1
    if vowel_count % 2 == 0:
        return vowel_count
    else:
        return None.
 Test: def check(candidate):

    # Check some simple cases
    assert candidate('aBCdEf')  == 1
    assert candidate('abcdefg') == 0
    assert candidate('dBBE') == 0
    assert candidate('B')  == 0
    assert candidate('U')  == 1
    assert candidate('') == 0
    assert candidate('EEEE') == 2

    # Check some edge cases that are easy to work out by hand.
    assert True


Correct Solution:
def count_upper(params you should put here):

    count = 0
    for i in range(0,len(s),2):
        if s[i] in ""AEIOU"":
            count += 1
    return count
",0.0,0.0
"

def correct_bracketing(brackets: str):
    """""" brackets is a string of ""<"" and "">"".
    return True if every opening bracket has a corresponding closing bracket.

    >>> correct_bracketing(""<"")
    False
    >>> correct_bracketing(""<>"")
    True
    >>> correct_bracketing(""<<><>>"")
    True
    >>> correct_bracketing(""><<>"")
    False
    """"""
", Your solution should not include additional functions.,"Error: unexpected indent (<string>, line 1).
 Solution:  Your solution should not include additional functions..
 Test: 

METADATA = {}


def check(candidate):
    assert candidate(""<>"")
    assert candidate(""<<><>>"")
    assert candidate(""<><><<><>><>"")
    assert candidate(""<><><<<><><>><>><<><><<>>>"")
    assert not candidate(""<<<><>>>>"")
    assert not candidate(""><<>"")
    assert not candidate(""<"")
    assert not candidate(""<<<<"")
    assert not candidate("">"")
    assert not candidate(""<<>"")
    assert not candidate(""<><><<><>><>><<>"")
    assert not candidate(""<><><<><>><>>><>"")


Correct Solution:
def correct_bracketing(params you should put here):

    depth = 0
    for b in brackets:
        if b == ""<"":
            depth += 1
        else:
            depth -= 1
        if depth < 0:
            return False
    return depth == 0
",0.0,0.0
"
def check_if_last_char_is_a_letter(txt):
    '''
    Create a function that returns True if the last character
    of a given string is an alphabetical character and is not
    a part of a word, and False otherwise.
    Note: ""word"" is a group of characters separated by space.

    Examples:
    check_if_last_char_is_a_letter(""apple pie"") ➞ False
    check_if_last_char_is_a_letter(""apple pi e"") ➞ True
    check_if_last_char_is_a_letter(""apple pi e "") ➞ False
    check_if_last_char_is_a_letter("""") ➞ False 
    '''
","def check_if_last_char_is_a_letter(txt):
    return txt[-1].isalpha()","Error: .
 Solution: def check_if_last_char_is_a_letter(txt):
    return txt[-1].isalpha().
 Test: def check(candidate):

    # Check some simple cases
    assert candidate(""apple"") == False
    assert candidate(""apple pi e"") == True
    assert candidate(""eeeee"") == False
    assert candidate(""A"") == True
    assert candidate(""Pumpkin pie "") == False
    assert candidate(""Pumpkin pie 1"") == False
    assert candidate("""") == False
    assert candidate(""eeeee e "") == False
    assert candidate(""apple pie"") == False
    assert candidate(""apple pi e "") == False

    # Check some edge cases that are easy to work out by hand.
    assert True


Correct Solution:
def check_if_last_char_is_a_letter(params you should put here):

 
    check = txt.split(' ')[-1]
    return True if len(check) == 1 and (97 <= ord(check.lower()) <= 122) else False
",0.0,0.0
"
def do_algebra(operator, operand):
    """"""
    Given two lists operator, and operand. The first list has basic algebra operations, and 
    the second list is a list of integers. Use the two given lists to build the algebric 
    expression and return the evaluation of this expression.

    The basic algebra operations:
    Addition ( + ) 
    Subtraction ( - ) 
    Multiplication ( * ) 
    Floor division ( // ) 
    Exponentiation ( ** ) 

    Example:
    operator['+', '*', '-']
    array = [2, 3, 4, 5]
    result = 2 + 3 * 4 - 5
    => result = 9

    Note:
        The length of operator list is equal to the length of operand list minus one.
        Operand is a list of of non-negative integers.
        Operator list has at least one operator, and operand list has at least two operands.

    """"""
"," Please run your program in the Jupyter notebook, if you want to see its output.","Error: unexpected indent (<string>, line 1).
 Solution:  Please run your program in the Jupyter notebook, if you want to see its output..
 Test: def check(candidate):

    # Check some simple cases
    assert candidate(['**', '*', '+'], [2, 3, 4, 5]) == 37
    assert candidate(['+', '*', '-'], [2, 3, 4, 5]) == 9
    assert candidate(['//', '*'], [7, 3, 4]) == 8, ""This prints if this assert fails 1 (good for debugging!)""

    # Check some edge cases that are easy to work out by hand.
    assert True, ""This prints if this assert fails 2 (also good for debugging!)""


Correct Solution:
def do_algebra(params you should put here):

    expression = str(operand[0])
    for oprt, oprn in zip(operator, operand[1:]):
        expression+= oprt + str(oprn)
    return eval(expression)
",0.0,0.0
"
def special_factorial(n):
    """"""The Brazilian factorial is defined as:
    brazilian_factorial(n) = n! * (n-1)! * (n-2)! * ... * 1!
    where n > 0

    For example:
    >>> special_factorial(4)
    288

    The function will receive an integer as input and should return the special
    factorial of this integer.
    """"""
", You may assume that n is always > 0. The code is not case sensitive.,"Error: unexpected indent (<string>, line 1).
 Solution:  You may assume that n is always > 0. The code is not case sensitive..
 Test: def check(candidate):

    # Check some simple cases
    assert candidate(4) == 288, ""Test 4""
    assert candidate(5) == 34560, ""Test 5""
    assert candidate(7) == 125411328000, ""Test 7""

    # Check some edge cases that are easy to work out by hand.
    assert candidate(1) == 1, ""Test 1""


Correct Solution:
def special_factorial(params you should put here):

    fact_i = 1
    special_fact = 1
    for i in range(1, n+1):
        fact_i *= i
        special_fact *= fact_i
    return special_fact
",0.0,0.0
"
def hex_key(num):
    """"""You have been tasked to write a function that receives 
    a hexadecimal number as a string and counts the number of hexadecimal 
    digits that are primes (prime number, or a prime, is a natural number 
    greater than 1 that is not a product of two smaller natural numbers).
    Hexadecimal digits are 0, 1, 2, 3, 4, 5, 6, 7, 8, 9, A, B, C, D, E, F.
    Prime numbers are 2, 3, 5, 7, 11, 13, 17,...
    So you have to determine a number of the following digits: 2, 3, 5, 7, 
    B (=decimal 11), D (=decimal 13).
    Note: you may assume the input is always correct or empty string, 
    and symbols A,B,C,D,E,F are always uppercase.
    Examples:
    For num = ""AB"" the output should be 1.
    For num = ""1077E"" the output should be 2.
    For num = ""ABED1A33"" the output should be 4.
    For num = ""123456789ABCDEF0"" the output should be 6.
    For num = ""2020"" the output should be 2.
    """"""
","def hex_key(num):
    """"""You have been tasked to write a function that receives 
    a hexadecimal number as a string and counts the number of hexadecimal 
    digits that are primes (prime number, or a prime, is a natural number 
    greater than 1 that is not a product of two smaller natural numbers).
    Hexadecimal digits are 0, 1, 2, 3, 4, 5, 6, 7, 8, 9, A, B, C, D, E, F.
    Prime numbers are 2, 3, 5, 7, 11, 13, 17,...
    So you have to determine a number of the following digits: 2, 3, 5, 7, 
    B (=decimal 11), D (=decimal 13).
    Note: you may assume the input is always correct or empty string, 
    and symbols A,B,C,D,E,F are always uppercase.
    Examples:
    For num = ""AB"" the output should be 1.
    For num = ""1077E"" the output should be 2.
    For num = ""ABED1A33"" the output should be 4.
    For num = ""123456789ABCDEF0"" the output should be 6.
    For num = ""2020"" the output should be 2.
    """"""
    count = 0
    for i in num:
        if num.count(i) > 0:
            count += 1
    return count","Error: First test error: 2.
 Solution: def hex_key(num):
    """"""You have been tasked to write a function that receives 
    a hexadecimal number as a string and counts the number of hexadecimal 
    digits that are primes (prime number, or a prime, is a natural number 
    greater than 1 that is not a product of two smaller natural numbers).
    Hexadecimal digits are 0, 1, 2, 3, 4, 5, 6, 7, 8, 9, A, B, C, D, E, F.
    Prime numbers are 2, 3, 5, 7, 11, 13, 17,...
    So you have to determine a number of the following digits: 2, 3, 5, 7, 
    B (=decimal 11), D (=decimal 13).
    Note: you may assume the input is always correct or empty string, 
    and symbols A,B,C,D,E,F are always uppercase.
    Examples:
    For num = ""AB"" the output should be 1.
    For num = ""1077E"" the output should be 2.
    For num = ""ABED1A33"" the output should be 4.
    For num = ""123456789ABCDEF0"" the output should be 6.
    For num = ""2020"" the output should be 2.
    """"""
    count = 0
    for i in num:
        if num.count(i) > 0:
            count += 1
    return count.
 Test: def check(candidate):

    # Check some simple cases
    assert candidate(""AB"") == 1, ""First test error: "" + str(candidate(""AB""))      
    assert candidate(""1077E"") == 2, ""Second test error: "" + str(candidate(""1077E""))  
    assert candidate(""ABED1A33"") == 4, ""Third test error: "" + str(candidate(""ABED1A33""))      
    assert candidate(""2020"") == 2, ""Fourth test error: "" + str(candidate(""2020""))  
    assert candidate(""123456789ABCDEF0"") == 6, ""Fifth test error: "" + str(candidate(""123456789ABCDEF0""))      
    assert candidate(""112233445566778899AABBCCDDEEFF00"") == 12, ""Sixth test error: "" + str(candidate(""112233445566778899AABBCCDDEEFF00""))  


    # Check some edge cases that are easy to work out by hand.
    assert candidate([]) == 0


Correct Solution:
def hex_key(params you should put here):

    primes = ('2', '3', '5', '7', 'B', 'D')
    total = 0
    for i in range(0, len(num)):
        if num[i] in primes:
            total += 1
    return total
",0.0,0.0
"

def sum_to_n(n: int):
    """"""sum_to_n is a function that sums numbers from 1 to n.
    >>> sum_to_n(30)
    465
    >>> sum_to_n(100)
    5050
    >>> sum_to_n(5)
    15
    >>> sum_to_n(10)
    55
    >>> sum_to_n(1)
    1
    """"""
","def sum_to_n(n):
    total = 0
    for i in range(1, n + 1):
        total += i
    return total","The solution passed all test cases.
Correct Solution:
def sum_to_n(params you should put here):

    return sum(range(n + 1))
",1.0,0.0
